[
  {
    "transaction_history": [
      {
        "id": "e0013c82-012f-46d1-a455-d386a5cc9fa1",
        "created_at": "2023-10-09T18:12:11.728Z",
        "updated_at": "2023-10-09T22:44:35.201Z"
      },
      {
        "id": "38c8f31d-a4c3-40cf-a7bc-e4db21be62a3",
        "created_at": "2023-10-09T16:23:23.094Z",
        "updated_at": "2023-10-10T08:10:44.159Z"
      },
      {
        "id": "6bac8641-b2c2-4adb-9e08-3d04e3220299",
        "created_at": "2023-10-10T02:45:08.377Z",
        "updated_at": "2023-10-09T14:04:22.809Z"
      },
      {
        "id": "cde64211-6981-43fa-9049-417ff12dd113",
        "created_at": "2023-10-10T04:48:21.963Z",
        "updated_at": "2023-10-10T07:23:41.069Z"
      },
      {
        "id": "3a6d4b3d-6d22-4f1e-8207-89edc70723b6",
        "created_at": "2023-10-09T18:31:25.073Z",
        "updated_at": "2023-10-10T06:52:34.459Z"
      }
    ],
    "product_purchases": [
      {
        "id": "41eea262-f7e5-4a05-81f9-1f17829d88ad",
        "created_at": "2023-10-09T13:46:18.420Z",
        "updated_at": "2023-10-09T23:47:24.512Z"
      },
      {
        "id": "99bd3f58-6861-4ffe-a733-3cd15160812e",
        "created_at": "2023-10-09T09:24:57.338Z",
        "updated_at": "2023-10-09T15:50:15.300Z"
      },
      {
        "id": "59b029ec-b63e-4056-89bf-8e21450a4184",
        "created_at": "2023-10-09T15:01:28.153Z",
        "updated_at": "2023-10-10T01:47:47.585Z"
      },
      {
        "id": "7015b105-5b91-4c01-bd37-6ae7b9c4868f",
        "created_at": "2023-10-09T20:49:07.442Z",
        "updated_at": "2023-10-09T12:09:44.254Z"
      },
      {
        "id": "f819b72f-7e3a-4ba6-bc70-a3bc146352fb",
        "created_at": "2023-10-10T04:37:17.919Z",
        "updated_at": "2023-10-09T10:13:13.239Z"
      }
    ],
    "customer_details": [
      {
        "id": "e6d780cb-1a4f-427d-ab44-d252b1e8aa7e",
        "created_at": "2023-10-10T05:11:33.903Z",
        "updated_at": "2023-10-09T09:44:23.464Z"
      },
      {
        "id": "c7ce4b6b-e9bb-4425-947d-9fbc5bf9e55c",
        "created_at": "2023-10-10T05:38:39.657Z",
        "updated_at": "2023-10-10T06:24:26.631Z"
      },
      {
        "id": "28a81e0f-691b-41f1-95bb-001816fdd91e",
        "created_at": "2023-10-09T18:06:00.409Z",
        "updated_at": "2023-10-09T19:54:33.887Z"
      },
      {
        "id": "62e12f6f-88ea-4e65-8166-3c9b490c6af2",
        "created_at": "2023-10-10T07:03:41.757Z",
        "updated_at": "2023-10-10T05:01:04.122Z"
      },
      {
        "id": "037e6d76-997e-49d2-92a3-e1c5c0c641fa",
        "created_at": "2023-10-10T03:06:00.237Z",
        "updated_at": "2023-10-09T23:25:53.353Z"
      }
    ],
    "roqUser": [
      {
        "reference": "325cf0a0-0339-4875-9679-2224d86c3056",
        "email": "Dusty_Cole@roq.tech",
        "firstName": "Zack",
        "lastName": "Conroy",
        "active": true,
        "avatarUrl": "https://avatars.githubusercontent.com/u/26146722",
        "tenantId": null
      },
      {
        "reference": "5030c376-d83d-453f-9ec9-7c9ddbfdfab7",
        "email": "Cale_Kreiger@roq.tech",
        "firstName": "Edwin",
        "lastName": "Cummings",
        "active": true,
        "avatarUrl": "https://cloudflare-ipfs.com/ipfs/Qmd3W5DuhgHirLHGVixi6V76LhCkZUz6pnFt5AJBiyvHye/avatar/1022.jpg",
        "tenantId": null
      },
      {
        "reference": "ca8f651c-2e96-41fb-8ed4-ea42c93b0ca3",
        "email": "Timmy.Goyette71@roq.tech",
        "firstName": "Brian",
        "lastName": "Murazik",
        "active": true,
        "avatarUrl": "https://cloudflare-ipfs.com/ipfs/Qmd3W5DuhgHirLHGVixi6V76LhCkZUz6pnFt5AJBiyvHye/avatar/17.jpg",
        "tenantId": null
      },
      {
        "reference": "aca9e99f-7b26-4741-8648-3b97d7919985",
        "email": "Erich.Bins34@roq.tech",
        "firstName": "Jocelyn",
        "lastName": "Prohaska",
        "active": true,
        "avatarUrl": "https://cloudflare-ipfs.com/ipfs/Qmd3W5DuhgHirLHGVixi6V76LhCkZUz6pnFt5AJBiyvHye/avatar/798.jpg",
        "tenantId": null
      },
      {
        "reference": "19c8aa80-9283-43c0-8ee7-695b29df6b18",
        "email": "Myrtie63@roq.tech",
        "firstName": "Estella",
        "lastName": "Boyer",
        "active": true,
        "avatarUrl": "https://cloudflare-ipfs.com/ipfs/Qmd3W5DuhgHirLHGVixi6V76LhCkZUz6pnFt5AJBiyvHye/avatar/263.jpg",
        "tenantId": null
      }
    ]
  },
  {
    "transaction_history": [
      {
        "id": "54c14969-40be-4e60-a86b-48cb0ebac360",
        "created_at": "2023-10-09T16:16:05.530Z",
        "updated_at": "2023-10-10T02:24:20.330Z"
      },
      {
        "id": "c8238b8e-2c21-419e-95f7-b644c3a2b07f",
        "created_at": "2023-10-10T02:39:46.814Z",
        "updated_at": "2023-10-10T07:32:47.820Z"
      },
      {
        "id": "29eb0d89-da1e-4932-8692-bd1af387f5c2",
        "created_at": "2023-10-09T11:49:01.959Z",
        "updated_at": "2023-10-09T16:55:40.862Z"
      },
      {
        "id": "df8fb57c-b5ba-4947-8ffa-a102ce48f003",
        "created_at": "2023-10-09T20:09:20.743Z",
        "updated_at": "2023-10-10T01:03:33.827Z"
      },
      {
        "id": "40381da7-1283-4aa9-811e-6af9365bf9c9",
        "created_at": "2023-10-10T01:59:56.726Z",
        "updated_at": "2023-10-09T17:36:14.595Z"
      }
    ],
    "product_purchases": [
      {
        "id": "8843e9aa-097d-43f7-95a7-b46a05de7e5f",
        "created_at": "2023-10-09T20:37:59.488Z",
        "updated_at": "2023-10-09T23:43:25.075Z"
      },
      {
        "id": "611a69a6-501f-40c0-ac1f-a2aae663d408",
        "created_at": "2023-10-10T00:05:28.924Z",
        "updated_at": "2023-10-10T04:50:21.665Z"
      },
      {
        "id": "971c0855-2c92-4a93-90c3-c2a18edf72c3",
        "created_at": "2023-10-09T13:19:20.294Z",
        "updated_at": "2023-10-10T06:44:48.995Z"
      },
      {
        "id": "9c2a754e-734f-47c1-8e3c-a9a73088ef69",
        "created_at": "2023-10-09T18:48:23.363Z",
        "updated_at": "2023-10-09T16:18:20.813Z"
      },
      {
        "id": "11f19712-dc1f-4bd6-98b9-0ed90caef9d4",
        "created_at": "2023-10-10T02:54:06.319Z",
        "updated_at": "2023-10-09T22:57:47.852Z"
      }
    ],
    "customer_details": [
      {
        "id": "55618db3-e5df-4d8e-83ac-4c25a669cb58",
        "created_at": "2023-10-09T16:58:12.909Z",
        "updated_at": "2023-10-09T20:20:18.432Z"
      },
      {
        "id": "c83b7ab9-e3e5-4ca9-9e03-029047756de1",
        "created_at": "2023-10-09T14:50:35.633Z",
        "updated_at": "2023-10-09T19:46:45.862Z"
      },
      {
        "id": "add4da39-9130-4da5-9161-96d5020ff213",
        "created_at": "2023-10-10T01:08:45.807Z",
        "updated_at": "2023-10-10T01:07:50.772Z"
      },
      {
        "id": "dd8cc585-9a86-4ef1-b8d1-5f232eb83188",
        "created_at": "2023-10-09T17:57:42.720Z",
        "updated_at": "2023-10-09T23:32:27.244Z"
      },
      {
        "id": "981a58aa-5163-4cd1-828a-772895a6ee9e",
        "created_at": "2023-10-09T13:12:54.165Z",
        "updated_at": "2023-10-09T16:10:29.759Z"
      }
    ],
    "roqUser": [
      {
        "reference": "7cf4b9b2-bb25-4b15-af92-0a70b2b44654",
        "email": "Lydia_Harvey@roq.tech",
        "firstName": "Janessa",
        "lastName": "Grady",
        "active": true,
        "avatarUrl": "https://cloudflare-ipfs.com/ipfs/Qmd3W5DuhgHirLHGVixi6V76LhCkZUz6pnFt5AJBiyvHye/avatar/619.jpg",
        "tenantId": null
      },
      {
        "reference": "7ef071f9-4939-4a3f-afb8-67f5b38f1864",
        "email": "Phoebe_Howe@roq.tech",
        "firstName": "Bill",
        "lastName": "Kulas",
        "active": true,
        "avatarUrl": "https://cloudflare-ipfs.com/ipfs/Qmd3W5DuhgHirLHGVixi6V76LhCkZUz6pnFt5AJBiyvHye/avatar/194.jpg",
        "tenantId": null
      },
      {
        "reference": "0cff97b1-f4c3-40a4-8bf0-a9c3275f9fe7",
        "email": "Lavern_Hirthe@roq.tech",
        "firstName": "Dell",
        "lastName": "Grady",
        "active": true,
        "avatarUrl": "https://cloudflare-ipfs.com/ipfs/Qmd3W5DuhgHirLHGVixi6V76LhCkZUz6pnFt5AJBiyvHye/avatar/557.jpg",
        "tenantId": null
      },
      {
        "reference": "dc7a6388-13e0-46c4-bbfb-882e38a278d9",
        "email": "Orlo_Hane15@roq.tech",
        "firstName": "Vinnie",
        "lastName": "Hettinger",
        "active": true,
        "avatarUrl": "https://cloudflare-ipfs.com/ipfs/Qmd3W5DuhgHirLHGVixi6V76LhCkZUz6pnFt5AJBiyvHye/avatar/378.jpg",
        "tenantId": null
      },
      {
        "reference": "62dc3380-85e4-4627-b243-6943acfe68b0",
        "email": "Olaf_Runolfsson@roq.tech",
        "firstName": "Amara",
        "lastName": "Zieme",
        "active": true,
        "avatarUrl": "https://cloudflare-ipfs.com/ipfs/Qmd3W5DuhgHirLHGVixi6V76LhCkZUz6pnFt5AJBiyvHye/avatar/1064.jpg",
        "tenantId": null
      }
    ]
  },
  {
    "transaction_history": [
      {
        "id": "5c3c51c1-1c61-4dd8-897e-a75b4be32983",
        "created_at": "2023-10-09T17:53:05.525Z",
        "updated_at": "2023-10-10T07:05:35.450Z"
      },
      {
        "id": "f0b89c3b-7b79-4f55-891e-5ec6593fb4c7",
        "created_at": "2023-10-10T07:45:34.605Z",
        "updated_at": "2023-10-10T03:51:30.864Z"
      },
      {
        "id": "bbc80723-e82f-412d-aa05-0359a4dc30be",
        "created_at": "2023-10-09T19:30:16.575Z",
        "updated_at": "2023-10-10T01:59:01.748Z"
      },
      {
        "id": "58ca26fc-d287-4a34-9c8f-cb98108505c6",
        "created_at": "2023-10-09T10:05:52.802Z",
        "updated_at": "2023-10-09T14:07:00.737Z"
      },
      {
        "id": "6d54b871-3a88-4a2f-b897-130b135ac748",
        "created_at": "2023-10-09T23:06:30.298Z",
        "updated_at": "2023-10-10T08:37:14.608Z"
      }
    ],
    "product_purchases": [
      {
        "id": "9aecdddc-d5be-4875-b93f-ae92b8c43052",
        "created_at": "2023-10-10T01:46:10.512Z",
        "updated_at": "2023-10-10T00:49:32.066Z"
      },
      {
        "id": "87ad097c-167c-4ef6-b1bc-321ffaf2aae3",
        "created_at": "2023-10-10T02:26:31.195Z",
        "updated_at": "2023-10-10T02:06:19.284Z"
      },
      {
        "id": "f1d52d30-86b7-4855-b60f-a719b0bc19c1",
        "created_at": "2023-10-10T01:28:56.349Z",
        "updated_at": "2023-10-09T11:50:59.830Z"
      },
      {
        "id": "138a5a5e-e34b-4676-ba2f-9869974884df",
        "created_at": "2023-10-09T15:37:51.282Z",
        "updated_at": "2023-10-09T11:40:53.622Z"
      },
      {
        "id": "9839a9c1-5e33-4f3d-91bc-59b5e84f3502",
        "created_at": "2023-10-10T04:25:15.076Z",
        "updated_at": "2023-10-10T00:18:29.526Z"
      }
    ],
    "customer_details": [
      {
        "id": "a112bf84-a3b7-4dbe-b864-eaa4bf6875fe",
        "created_at": "2023-10-10T07:02:36.977Z",
        "updated_at": "2023-10-09T20:11:04.619Z"
      },
      {
        "id": "26fe3fc3-4ea4-47d1-8eaa-0a7c6d01571b",
        "created_at": "2023-10-09T18:53:03.112Z",
        "updated_at": "2023-10-09T14:46:25.422Z"
      },
      {
        "id": "ded441f0-4b97-43e8-abae-658336dcf19a",
        "created_at": "2023-10-10T01:55:49.019Z",
        "updated_at": "2023-10-09T18:11:01.878Z"
      },
      {
        "id": "e0c9065e-46b2-47e8-bc8a-626b68084577",
        "created_at": "2023-10-09T10:51:08.302Z",
        "updated_at": "2023-10-10T00:57:45.408Z"
      },
      {
        "id": "e1aada04-27b5-45d8-9be0-c658bf932f62",
        "created_at": "2023-10-09T14:56:59.418Z",
        "updated_at": "2023-10-09T13:40:08.093Z"
      }
    ],
    "roqUser": [
      {
        "reference": "387a26e6-4e2f-4db8-98b1-c5e388e172de",
        "email": "Ransom_Dietrich33@roq.tech",
        "firstName": "Trycia",
        "lastName": "Kozey",
        "active": true,
        "avatarUrl": "https://cloudflare-ipfs.com/ipfs/Qmd3W5DuhgHirLHGVixi6V76LhCkZUz6pnFt5AJBiyvHye/avatar/1186.jpg",
        "tenantId": null
      },
      {
        "reference": "fea7bfab-1aae-45e5-9278-5005792a860b",
        "email": "Birdie_Schmeler18@roq.tech",
        "firstName": "Tristian",
        "lastName": "Monahan",
        "active": true,
        "avatarUrl": "https://avatars.githubusercontent.com/u/57001760",
        "tenantId": null
      },
      {
        "reference": "bd7530b5-c9f8-4ca3-acc2-48aca33a139d",
        "email": "Pauline_Kuhic@roq.tech",
        "firstName": "Jay",
        "lastName": "Hegmann",
        "active": true,
        "avatarUrl": "https://avatars.githubusercontent.com/u/27628810",
        "tenantId": null
      },
      {
        "reference": "62718308-c958-4b48-a7cf-fa99d365098c",
        "email": "Jolie35@roq.tech",
        "firstName": "Carol",
        "lastName": "Spinka",
        "active": true,
        "avatarUrl": "https://cloudflare-ipfs.com/ipfs/Qmd3W5DuhgHirLHGVixi6V76LhCkZUz6pnFt5AJBiyvHye/avatar/1075.jpg",
        "tenantId": null
      },
      {
        "reference": "c197a8ac-cc66-4456-9533-58c790b4c7d7",
        "email": "Sigrid65@roq.tech",
        "firstName": "Jamaal",
        "lastName": "Daugherty",
        "active": true,
        "avatarUrl": "https://cloudflare-ipfs.com/ipfs/Qmd3W5DuhgHirLHGVixi6V76LhCkZUz6pnFt5AJBiyvHye/avatar/960.jpg",
        "tenantId": null
      }
    ]
  },
  {
    "transaction_history": [
      {
        "id": "37d6ea7f-75e9-45bd-be5a-d57b58c6d8e5",
        "created_at": "2023-10-10T07:14:21.093Z",
        "updated_at": "2023-10-10T03:11:29.361Z"
      },
      {
        "id": "29197d91-be3f-4baf-9717-a5273e71b4cb",
        "created_at": "2023-10-09T14:22:18.029Z",
        "updated_at": "2023-10-09T21:52:55.214Z"
      },
      {
        "id": "214a57bb-c1ba-4cb1-b5cd-85e056148a94",
        "created_at": "2023-10-10T03:01:23.674Z",
        "updated_at": "2023-10-10T08:30:06.510Z"
      },
      {
        "id": "35f03d15-9ee4-4391-84a4-01a36ca17cf8",
        "created_at": "2023-10-09T13:13:10.916Z",
        "updated_at": "2023-10-09T10:19:57.712Z"
      },
      {
        "id": "9e5703c1-86e6-4091-9fd7-323a84c8d429",
        "created_at": "2023-10-10T04:58:55.344Z",
        "updated_at": "2023-10-09T14:48:13.887Z"
      }
    ],
    "product_purchases": [
      {
        "id": "86ba5fe2-af86-4022-a01f-cb9ff6d85ba1",
        "created_at": "2023-10-09T10:32:16.967Z",
        "updated_at": "2023-10-10T06:20:21.330Z"
      },
      {
        "id": "f69482e5-6978-4a2f-89a6-3b6c9b0773f2",
        "created_at": "2023-10-10T00:09:13.487Z",
        "updated_at": "2023-10-09T10:12:45.171Z"
      },
      {
        "id": "6588f51a-3e95-45f7-a033-543803d52493",
        "created_at": "2023-10-09T15:56:24.906Z",
        "updated_at": "2023-10-10T07:41:00.436Z"
      },
      {
        "id": "a77de19d-1d37-4d1d-a2c1-42daa3dc5ec2",
        "created_at": "2023-10-09T12:50:17.994Z",
        "updated_at": "2023-10-10T01:22:37.491Z"
      },
      {
        "id": "700c475b-939c-45f6-95a2-8883f0bc43fb",
        "created_at": "2023-10-09T21:48:00.441Z",
        "updated_at": "2023-10-09T20:02:23.284Z"
      }
    ],
    "customer_details": [
      {
        "id": "6c7e23c9-e80e-43ae-92a5-f7a1fb9fa26b",
        "created_at": "2023-10-09T22:08:18.618Z",
        "updated_at": "2023-10-10T03:27:07.282Z"
      },
      {
        "id": "ba0496a2-66f4-4c60-b87a-3a37253acdd4",
        "created_at": "2023-10-10T08:36:21.107Z",
        "updated_at": "2023-10-10T08:51:53.707Z"
      },
      {
        "id": "82580919-84a5-4e94-960b-9169bb334199",
        "created_at": "2023-10-10T05:40:02.685Z",
        "updated_at": "2023-10-09T18:34:34.852Z"
      },
      {
        "id": "0b78f8bd-0302-4699-a95e-1b2874bec6be",
        "created_at": "2023-10-09T13:30:23.672Z",
        "updated_at": "2023-10-09T18:06:01.554Z"
      },
      {
        "id": "2a7c6ec2-c1d2-4521-860e-f9225039a2e4",
        "created_at": "2023-10-10T02:51:21.256Z",
        "updated_at": "2023-10-10T00:08:02.682Z"
      }
    ],
    "roqUser": [
      {
        "reference": "e785c628-eea9-4939-bd0c-4589016fa04d",
        "email": "Lydia35@roq.tech",
        "firstName": "Marcella",
        "lastName": "Brown",
        "active": true,
        "avatarUrl": "https://avatars.githubusercontent.com/u/62771555",
        "tenantId": null
      },
      {
        "reference": "079ed4b0-f8c2-48fb-a109-4808c37e3dbe",
        "email": "Jared99@roq.tech",
        "firstName": "Jenifer",
        "lastName": "Davis",
        "active": true,
        "avatarUrl": "https://cloudflare-ipfs.com/ipfs/Qmd3W5DuhgHirLHGVixi6V76LhCkZUz6pnFt5AJBiyvHye/avatar/876.jpg",
        "tenantId": null
      },
      {
        "reference": "054ed4a6-a2fa-4608-a70a-ac4d6bf3d09f",
        "email": "Mohamed.Pagac84@roq.tech",
        "firstName": "Daisy",
        "lastName": "Tillman",
        "active": true,
        "avatarUrl": "https://cloudflare-ipfs.com/ipfs/Qmd3W5DuhgHirLHGVixi6V76LhCkZUz6pnFt5AJBiyvHye/avatar/221.jpg",
        "tenantId": null
      },
      {
        "reference": "03128234-9c20-4be8-afb8-5e3f5e997bbe",
        "email": "Andres.Thiel1@roq.tech",
        "firstName": "Deja",
        "lastName": "Reichert",
        "active": true,
        "avatarUrl": "https://avatars.githubusercontent.com/u/71984025",
        "tenantId": null
      },
      {
        "reference": "951d2be8-9aec-4d57-a6ca-3937704411c9",
        "email": "Emery9@roq.tech",
        "firstName": "Cathryn",
        "lastName": "Gulgowski",
        "active": true,
        "avatarUrl": "https://cloudflare-ipfs.com/ipfs/Qmd3W5DuhgHirLHGVixi6V76LhCkZUz6pnFt5AJBiyvHye/avatar/448.jpg",
        "tenantId": null
      }
    ]
  },
  {
    "transaction_history": [
      {
        "id": "18797ef7-9000-44cb-bd4c-668e2ac138aa",
        "created_at": "2023-10-09T15:51:53.365Z",
        "updated_at": "2023-10-09T20:53:08.703Z"
      },
      {
        "id": "90dd7cfb-142e-46dd-aa73-50926b4ab6cb",
        "created_at": "2023-10-09T19:30:00.367Z",
        "updated_at": "2023-10-09T16:49:01.609Z"
      },
      {
        "id": "c21d1e62-44f7-409c-9967-3aae1b10a8a9",
        "created_at": "2023-10-09T09:47:31.212Z",
        "updated_at": "2023-10-10T02:23:10.050Z"
      },
      {
        "id": "07c30004-f05d-40a6-88f4-8639fcb92e49",
        "created_at": "2023-10-10T09:03:45.301Z",
        "updated_at": "2023-10-09T16:38:39.055Z"
      },
      {
        "id": "929126d1-0a8b-4d53-aa24-c814c968f940",
        "created_at": "2023-10-09T17:59:39.269Z",
        "updated_at": "2023-10-09T13:35:59.244Z"
      }
    ],
    "product_purchases": [
      {
        "id": "2ba72c87-39b3-4f32-9c47-af14319d09a7",
        "created_at": "2023-10-10T06:58:02.316Z",
        "updated_at": "2023-10-10T04:39:53.583Z"
      },
      {
        "id": "22c03cd6-1439-4a4b-a43f-21e217283537",
        "created_at": "2023-10-09T18:06:41.919Z",
        "updated_at": "2023-10-09T20:23:52.928Z"
      },
      {
        "id": "f61efd0d-37f1-4bd1-8c9e-f7c6d3c35c8c",
        "created_at": "2023-10-09T23:25:52.446Z",
        "updated_at": "2023-10-09T20:35:20.293Z"
      },
      {
        "id": "b1715310-5a1f-4fab-8e94-358eb71436ba",
        "created_at": "2023-10-09T19:00:50.351Z",
        "updated_at": "2023-10-09T10:21:35.679Z"
      },
      {
        "id": "7fc5b833-2ce1-4907-97c9-29438ba5aa25",
        "created_at": "2023-10-10T03:02:50.523Z",
        "updated_at": "2023-10-10T01:42:38.040Z"
      }
    ],
    "customer_details": [
      {
        "id": "85ced560-b284-4d38-b568-128265447f2b",
        "created_at": "2023-10-09T21:37:48.100Z",
        "updated_at": "2023-10-09T19:48:31.161Z"
      },
      {
        "id": "45df536f-d085-4395-aa24-e30112933d81",
        "created_at": "2023-10-10T02:59:33.090Z",
        "updated_at": "2023-10-10T07:47:24.581Z"
      },
      {
        "id": "77d90e5d-e0bf-4bcd-a072-15902344e5e6",
        "created_at": "2023-10-10T05:27:17.138Z",
        "updated_at": "2023-10-09T16:00:00.436Z"
      },
      {
        "id": "9d94c6f2-acde-4af0-9bac-8ef4d72435ed",
        "created_at": "2023-10-10T02:21:44.031Z",
        "updated_at": "2023-10-10T06:12:05.654Z"
      },
      {
        "id": "68b7c0ae-1506-49a3-a3f4-437de09a6692",
        "created_at": "2023-10-09T18:53:36.374Z",
        "updated_at": "2023-10-09T19:47:28.147Z"
      }
    ],
    "roqUser": [
      {
        "reference": "0ea0f735-6c29-4f3f-b207-58c17e43b840",
        "email": "Jack_Von1@roq.tech",
        "firstName": "Chesley",
        "lastName": "Keebler",
        "active": true,
        "avatarUrl": "https://cloudflare-ipfs.com/ipfs/Qmd3W5DuhgHirLHGVixi6V76LhCkZUz6pnFt5AJBiyvHye/avatar/1114.jpg",
        "tenantId": null
      },
      {
        "reference": "93ff13a6-5941-4081-b5c2-3874c058e24c",
        "email": "Savannah3@roq.tech",
        "firstName": "Beau",
        "lastName": "Hilll",
        "active": true,
        "avatarUrl": "https://cloudflare-ipfs.com/ipfs/Qmd3W5DuhgHirLHGVixi6V76LhCkZUz6pnFt5AJBiyvHye/avatar/819.jpg",
        "tenantId": null
      },
      {
        "reference": "10822315-cd93-4716-b9ae-82be2ffe8e80",
        "email": "Geoffrey_Prosacco@roq.tech",
        "firstName": "Garry",
        "lastName": "Mayer",
        "active": true,
        "avatarUrl": "https://avatars.githubusercontent.com/u/48805329",
        "tenantId": null
      },
      {
        "reference": "f1c536b8-01c5-4ed6-8779-3cb1088d4cec",
        "email": "Ezekiel.Huels@roq.tech",
        "firstName": "Kurt",
        "lastName": "Von",
        "active": true,
        "avatarUrl": "https://cloudflare-ipfs.com/ipfs/Qmd3W5DuhgHirLHGVixi6V76LhCkZUz6pnFt5AJBiyvHye/avatar/606.jpg",
        "tenantId": null
      },
      {
        "reference": "27c4b0a6-6ff2-4a7f-a267-d15741a46e79",
        "email": "Stefanie.Hand-Muller6@roq.tech",
        "firstName": "General",
        "lastName": "Herman",
        "active": true,
        "avatarUrl": "https://cloudflare-ipfs.com/ipfs/Qmd3W5DuhgHirLHGVixi6V76LhCkZUz6pnFt5AJBiyvHye/avatar/859.jpg",
        "tenantId": null
      }
    ]
  },
  {
    "transaction_history": [
      {
        "id": "3f0a5fb7-dbcf-4a8a-bb32-3082027f8b30",
        "created_at": "2023-10-09T18:08:10.071Z",
        "updated_at": "2023-10-10T08:25:18.948Z"
      },
      {
        "id": "54bdadf4-39f1-4e87-bb2f-0adc53c165d1",
        "created_at": "2023-10-09T11:14:13.291Z",
        "updated_at": "2023-10-10T00:50:43.753Z"
      },
      {
        "id": "632197e5-77a3-40c3-8372-f8b96a1b9cdd",
        "created_at": "2023-10-09T13:57:21.810Z",
        "updated_at": "2023-10-10T01:33:51.133Z"
      },
      {
        "id": "ad188136-6aa5-4e27-a803-5c348c2c7df3",
        "created_at": "2023-10-09T13:00:28.206Z",
        "updated_at": "2023-10-09T10:07:21.698Z"
      },
      {
        "id": "4c20a572-0e27-42e1-ae09-d10ac577613c",
        "created_at": "2023-10-09T22:53:42.794Z",
        "updated_at": "2023-10-10T01:26:49.457Z"
      }
    ],
    "product_purchases": [
      {
        "id": "00151bf3-b3fb-4b05-9fa2-b6a527123b3d",
        "created_at": "2023-10-10T03:34:45.520Z",
        "updated_at": "2023-10-09T18:55:59.480Z"
      },
      {
        "id": "47261be8-b5cb-4669-b1ab-b4103023c3ad",
        "created_at": "2023-10-09T14:09:27.443Z",
        "updated_at": "2023-10-10T08:57:45.323Z"
      },
      {
        "id": "7ce477a7-720f-412f-9a58-d4c86bb0f781",
        "created_at": "2023-10-09T12:55:47.739Z",
        "updated_at": "2023-10-10T07:26:04.121Z"
      },
      {
        "id": "927cf0ed-4d8c-48e6-82dc-338346c0caee",
        "created_at": "2023-10-09T16:18:41.158Z",
        "updated_at": "2023-10-09T13:57:17.051Z"
      },
      {
        "id": "369423ba-4f9b-4dda-9cc2-2354f9ec47ac",
        "created_at": "2023-10-10T05:57:25.521Z",
        "updated_at": "2023-10-09T22:44:35.359Z"
      }
    ],
    "customer_details": [
      {
        "id": "17f35c63-b1a3-4649-b028-eefd1817878c",
        "created_at": "2023-10-10T09:00:08.787Z",
        "updated_at": "2023-10-09T21:04:02.934Z"
      },
      {
        "id": "f2136f1d-3171-4823-9ef0-aea8a7b56412",
        "created_at": "2023-10-09T11:59:42.742Z",
        "updated_at": "2023-10-09T13:05:13.889Z"
      },
      {
        "id": "7ce972b9-e8ab-425b-899f-4f326c6082e4",
        "created_at": "2023-10-09T21:47:04.911Z",
        "updated_at": "2023-10-10T01:07:25.399Z"
      },
      {
        "id": "129e5e1b-988c-4840-8772-ce5787d5d0d7",
        "created_at": "2023-10-09T11:15:23.712Z",
        "updated_at": "2023-10-09T20:13:29.070Z"
      },
      {
        "id": "35a382b9-09b7-4d59-8b56-d7f8fa8d9dab",
        "created_at": "2023-10-10T03:14:33.767Z",
        "updated_at": "2023-10-10T04:08:03.872Z"
      }
    ],
    "roqUser": [
      {
        "reference": "0d0ec1b6-cb1e-465a-a67a-c9bf4f2f18f4",
        "email": "Grace.Haag54@roq.tech",
        "firstName": "Clovis",
        "lastName": "McGlynn",
        "active": true,
        "avatarUrl": "https://cloudflare-ipfs.com/ipfs/Qmd3W5DuhgHirLHGVixi6V76LhCkZUz6pnFt5AJBiyvHye/avatar/308.jpg",
        "tenantId": null
      },
      {
        "reference": "e1240d6c-1af0-4915-8290-692a83a5591f",
        "email": "Kieran_Powlowski@roq.tech",
        "firstName": "Dagmar",
        "lastName": "Legros",
        "active": true,
        "avatarUrl": "https://avatars.githubusercontent.com/u/12308982",
        "tenantId": null
      },
      {
        "reference": "ede0673b-d490-47d1-bfa4-9044a3aac80c",
        "email": "Jovan.Baumbach@roq.tech",
        "firstName": "Abagail",
        "lastName": "Padberg",
        "active": true,
        "avatarUrl": "https://avatars.githubusercontent.com/u/96597336",
        "tenantId": null
      },
      {
        "reference": "7ec302c8-d892-449c-95b0-317716c73a5f",
        "email": "Theron_Collins37@roq.tech",
        "firstName": "Annetta",
        "lastName": "Kautzer",
        "active": true,
        "avatarUrl": "https://avatars.githubusercontent.com/u/33861935",
        "tenantId": null
      },
      {
        "reference": "4abf0dc7-af1e-4998-9522-f85bbd6a2604",
        "email": "Devan_Rogahn17@roq.tech",
        "firstName": "Jermain",
        "lastName": "Bradtke",
        "active": true,
        "avatarUrl": "https://cloudflare-ipfs.com/ipfs/Qmd3W5DuhgHirLHGVixi6V76LhCkZUz6pnFt5AJBiyvHye/avatar/176.jpg",
        "tenantId": null
      }
    ]
  },
  {
    "transaction_history": [
      {
        "id": "8408c475-7e5e-4cf5-a233-e448f1a0a0ba",
        "created_at": "2023-10-09T13:17:22.752Z",
        "updated_at": "2023-10-09T23:20:22.431Z"
      },
      {
        "id": "3f0d6843-650d-47a6-95d4-308f2a2098ff",
        "created_at": "2023-10-09T22:18:15.058Z",
        "updated_at": "2023-10-10T07:13:18.379Z"
      },
      {
        "id": "3c0253a5-7fa4-4834-8efc-c641c4d79253",
        "created_at": "2023-10-09T18:18:09.868Z",
        "updated_at": "2023-10-09T11:07:44.149Z"
      },
      {
        "id": "1ff843a2-c344-4c56-9bd4-f006f60f8995",
        "created_at": "2023-10-10T02:27:53.510Z",
        "updated_at": "2023-10-09T23:42:02.203Z"
      },
      {
        "id": "8c5bdd0e-f345-4c38-aae3-dee7876a5147",
        "created_at": "2023-10-09T09:49:06.454Z",
        "updated_at": "2023-10-09T13:25:02.865Z"
      }
    ],
    "product_purchases": [
      {
        "id": "6878bf71-d3ec-4ef1-b52f-26f3bedbd385",
        "created_at": "2023-10-09T14:46:55.618Z",
        "updated_at": "2023-10-09T16:55:17.509Z"
      },
      {
        "id": "ba03506c-ae54-4c19-a2c9-471567191645",
        "created_at": "2023-10-09T14:11:43.590Z",
        "updated_at": "2023-10-10T01:05:54.915Z"
      },
      {
        "id": "bfd2526e-878d-4960-8bd5-d32112035b1d",
        "created_at": "2023-10-09T19:51:22.164Z",
        "updated_at": "2023-10-09T20:26:25.386Z"
      },
      {
        "id": "1aeac48d-f182-479d-87ff-56ac0faa8488",
        "created_at": "2023-10-10T08:22:33.392Z",
        "updated_at": "2023-10-09T18:16:01.542Z"
      },
      {
        "id": "55f079c8-b394-4eb4-ba9a-e034afc48330",
        "created_at": "2023-10-09T10:09:19.318Z",
        "updated_at": "2023-10-10T05:47:02.753Z"
      }
    ],
    "customer_details": [
      {
        "id": "416ab96a-edc9-4ec5-b9cd-30f0fb909eba",
        "created_at": "2023-10-10T08:34:21.423Z",
        "updated_at": "2023-10-09T22:49:38.234Z"
      },
      {
        "id": "920fce9a-491d-4887-bdb1-47f54c5c8bb8",
        "created_at": "2023-10-09T16:05:10.999Z",
        "updated_at": "2023-10-09T11:00:47.369Z"
      },
      {
        "id": "8caabbf0-38b4-4213-9ea2-dfdbbf3a9ed4",
        "created_at": "2023-10-09T23:02:08.222Z",
        "updated_at": "2023-10-10T02:44:02.007Z"
      },
      {
        "id": "e71ace8a-8ba0-4eff-8d76-38c794bd64e6",
        "created_at": "2023-10-09T22:25:32.683Z",
        "updated_at": "2023-10-09T18:01:38.225Z"
      },
      {
        "id": "29b8c5be-fad8-4672-a299-b1e6cb42074d",
        "created_at": "2023-10-10T04:20:51.409Z",
        "updated_at": "2023-10-10T00:52:50.665Z"
      }
    ],
    "roqUser": [
      {
        "reference": "c1f2503c-99dc-42db-8547-93a94f71544c",
        "email": "Rebeca_Hoeger@roq.tech",
        "firstName": "Arlie",
        "lastName": "Keebler-Herzog",
        "active": true,
        "avatarUrl": "https://cloudflare-ipfs.com/ipfs/Qmd3W5DuhgHirLHGVixi6V76LhCkZUz6pnFt5AJBiyvHye/avatar/579.jpg",
        "tenantId": null
      },
      {
        "reference": "c7a87b55-2980-4de6-acd1-1f7d73c91455",
        "email": "Eriberto_Toy70@roq.tech",
        "firstName": "Noe",
        "lastName": "Brakus",
        "active": true,
        "avatarUrl": "https://cloudflare-ipfs.com/ipfs/Qmd3W5DuhgHirLHGVixi6V76LhCkZUz6pnFt5AJBiyvHye/avatar/613.jpg",
        "tenantId": null
      },
      {
        "reference": "2a7ee876-853d-47c7-b474-54ba916b24a0",
        "email": "Emilio_Roberts91@roq.tech",
        "firstName": "Greyson",
        "lastName": "Gottlieb",
        "active": true,
        "avatarUrl": "https://cloudflare-ipfs.com/ipfs/Qmd3W5DuhgHirLHGVixi6V76LhCkZUz6pnFt5AJBiyvHye/avatar/1016.jpg",
        "tenantId": null
      },
      {
        "reference": "f1b5a52a-cf3b-4c68-a157-4c72860b3c2e",
        "email": "Madisen_Frami@roq.tech",
        "firstName": "Ashley",
        "lastName": "Upton",
        "active": true,
        "avatarUrl": "https://avatars.githubusercontent.com/u/29105459",
        "tenantId": null
      },
      {
        "reference": "2865d74f-2dbf-4d8a-a3f1-0eb169a63373",
        "email": "Anjali.Rath44@roq.tech",
        "firstName": "Lea",
        "lastName": "Mante",
        "active": true,
        "avatarUrl": "https://cloudflare-ipfs.com/ipfs/Qmd3W5DuhgHirLHGVixi6V76LhCkZUz6pnFt5AJBiyvHye/avatar/898.jpg",
        "tenantId": null
      }
    ]
  },
  {
    "transaction_history": [
      {
        "id": "30ce6c4c-4b92-47ff-a4c3-8c58eb98bbeb",
        "created_at": "2023-10-10T08:57:11.836Z",
        "updated_at": "2023-10-09T22:58:47.240Z"
      },
      {
        "id": "010f5a67-09ca-4e4d-8cf9-611a4bde2ec6",
        "created_at": "2023-10-09T14:56:25.126Z",
        "updated_at": "2023-10-10T07:50:02.723Z"
      },
      {
        "id": "7e1a6354-80e4-4fc5-9eea-92b1218f2da4",
        "created_at": "2023-10-10T08:42:45.406Z",
        "updated_at": "2023-10-09T21:05:30.833Z"
      },
      {
        "id": "8c4e9db5-7370-48e9-a0b7-1e9006327930",
        "created_at": "2023-10-10T05:34:14.636Z",
        "updated_at": "2023-10-10T02:53:41.545Z"
      },
      {
        "id": "832fed43-298d-4198-b42e-851b7f99b7c6",
        "created_at": "2023-10-10T05:02:43.737Z",
        "updated_at": "2023-10-09T15:33:33.033Z"
      }
    ],
    "product_purchases": [
      {
        "id": "1deb3071-7959-4005-b166-b0894849b746",
        "created_at": "2023-10-10T00:45:47.741Z",
        "updated_at": "2023-10-10T04:43:25.773Z"
      },
      {
        "id": "0091c10e-6bc8-4def-9a93-28671b469a12",
        "created_at": "2023-10-09T17:08:10.909Z",
        "updated_at": "2023-10-09T16:38:32.372Z"
      },
      {
        "id": "044848fc-eb06-4b6e-8aa1-1e984d240b7c",
        "created_at": "2023-10-10T07:27:53.627Z",
        "updated_at": "2023-10-09T22:02:52.146Z"
      },
      {
        "id": "2cb6146f-5d26-47f7-bd3c-27babd3d3f4c",
        "created_at": "2023-10-09T18:18:44.793Z",
        "updated_at": "2023-10-10T01:58:53.676Z"
      },
      {
        "id": "f686d7d0-a517-498c-95b7-fcb4f94566a1",
        "created_at": "2023-10-09T17:45:46.494Z",
        "updated_at": "2023-10-09T10:37:33.951Z"
      }
    ],
    "customer_details": [
      {
        "id": "b6694586-9c75-4192-8c24-e85548f397b4",
        "created_at": "2023-10-09T17:29:25.482Z",
        "updated_at": "2023-10-09T14:43:32.678Z"
      },
      {
        "id": "5eff0f3d-976a-43e4-875e-caae15ef2d83",
        "created_at": "2023-10-10T08:57:04.653Z",
        "updated_at": "2023-10-09T17:55:02.045Z"
      },
      {
        "id": "41ca0609-95f2-4459-8c1d-ab3d3db29276",
        "created_at": "2023-10-09T14:54:49.149Z",
        "updated_at": "2023-10-10T02:18:59.982Z"
      },
      {
        "id": "bc44f7fc-c3e2-4235-b8e6-cb3ab55c80a9",
        "created_at": "2023-10-10T07:52:47.507Z",
        "updated_at": "2023-10-09T22:24:05.932Z"
      },
      {
        "id": "21dc59ab-0081-4e89-86de-ddd872dd7a88",
        "created_at": "2023-10-10T00:40:26.255Z",
        "updated_at": "2023-10-10T05:32:36.801Z"
      }
    ],
    "roqUser": [
      {
        "reference": "472ce4fb-ff4f-4f4c-af39-eec425d0bb43",
        "email": "Juston.Hettinger@roq.tech",
        "firstName": "Josefina",
        "lastName": "Hayes",
        "active": true,
        "avatarUrl": "https://avatars.githubusercontent.com/u/76620454",
        "tenantId": null
      },
      {
        "reference": "82925097-7e41-457f-9964-d5bdfc700c30",
        "email": "Leilani_Pollich@roq.tech",
        "firstName": "Augustus",
        "lastName": "Krajcik",
        "active": true,
        "avatarUrl": "https://avatars.githubusercontent.com/u/4433623",
        "tenantId": null
      },
      {
        "reference": "b3752cc3-b306-40cb-a304-75f3c6a01c7a",
        "email": "Barton.Schmitt@roq.tech",
        "firstName": "Kamryn",
        "lastName": "Roob",
        "active": true,
        "avatarUrl": "https://cloudflare-ipfs.com/ipfs/Qmd3W5DuhgHirLHGVixi6V76LhCkZUz6pnFt5AJBiyvHye/avatar/620.jpg",
        "tenantId": null
      },
      {
        "reference": "0767d932-9c75-4d91-b3ff-54840de3a656",
        "email": "Julius.Dare@roq.tech",
        "firstName": "Leola",
        "lastName": "Hartmann",
        "active": true,
        "avatarUrl": "https://avatars.githubusercontent.com/u/61218723",
        "tenantId": null
      },
      {
        "reference": "cd14dc46-d9b4-418e-b13d-c93888c1aaee",
        "email": "Joyce.Willms@roq.tech",
        "firstName": "Jeromy",
        "lastName": "Lakin",
        "active": true,
        "avatarUrl": "https://avatars.githubusercontent.com/u/42086362",
        "tenantId": null
      }
    ]
  },
  {
    "transaction_history": [
      {
        "id": "9f61e422-244e-49e2-945e-848fadff6e17",
        "created_at": "2023-10-09T15:38:29.869Z",
        "updated_at": "2023-10-09T16:36:13.750Z"
      },
      {
        "id": "87eeec45-9489-49bb-9698-db8650e2d507",
        "created_at": "2023-10-09T14:31:06.435Z",
        "updated_at": "2023-10-10T01:35:55.008Z"
      },
      {
        "id": "05a415df-ec79-4c28-92cd-8f11b5c8436e",
        "created_at": "2023-10-09T18:44:21.764Z",
        "updated_at": "2023-10-09T16:09:50.466Z"
      },
      {
        "id": "d1fdf86d-e014-4b66-bdc3-bf265427b982",
        "created_at": "2023-10-09T17:56:44.977Z",
        "updated_at": "2023-10-09T22:29:44.257Z"
      },
      {
        "id": "51589091-f345-4728-a19a-f1a823befd51",
        "created_at": "2023-10-09T17:59:30.036Z",
        "updated_at": "2023-10-10T01:58:10.856Z"
      }
    ],
    "product_purchases": [
      {
        "id": "ceefd052-7e70-4feb-a128-3d175ea38fe1",
        "created_at": "2023-10-09T19:36:39.880Z",
        "updated_at": "2023-10-10T03:44:46.951Z"
      },
      {
        "id": "87226ef4-a95e-4662-9e8f-20bfd87b7a1b",
        "created_at": "2023-10-09T22:59:28.783Z",
        "updated_at": "2023-10-10T03:27:06.419Z"
      },
      {
        "id": "f6445f00-f943-43dc-9418-20a3843411a3",
        "created_at": "2023-10-09T22:13:49.872Z",
        "updated_at": "2023-10-09T14:03:47.726Z"
      },
      {
        "id": "477c26c7-bd01-40e2-a9e3-0da39278220a",
        "created_at": "2023-10-09T18:59:47.604Z",
        "updated_at": "2023-10-10T03:56:00.689Z"
      },
      {
        "id": "fa967da5-a43c-4d79-9f25-39831f644c58",
        "created_at": "2023-10-09T10:43:50.963Z",
        "updated_at": "2023-10-10T03:05:12.408Z"
      }
    ],
    "customer_details": [
      {
        "id": "2d15c785-8099-49d4-9eb3-cceab232dd67",
        "created_at": "2023-10-10T02:23:26.460Z",
        "updated_at": "2023-10-10T02:38:40.975Z"
      },
      {
        "id": "534c3c12-5209-488d-98d6-81ebd0211741",
        "created_at": "2023-10-10T00:15:19.378Z",
        "updated_at": "2023-10-09T18:39:15.906Z"
      },
      {
        "id": "b96fb7d9-5f23-45ef-ac4d-63c4a0cee7a4",
        "created_at": "2023-10-10T01:10:03.136Z",
        "updated_at": "2023-10-09T12:48:27.416Z"
      },
      {
        "id": "d420ae4e-3988-4daf-932c-5dec54ebdf78",
        "created_at": "2023-10-09T10:44:02.469Z",
        "updated_at": "2023-10-09T11:12:25.021Z"
      },
      {
        "id": "d9b55727-ee7b-411a-8413-103ee7b3908c",
        "created_at": "2023-10-09T22:30:59.508Z",
        "updated_at": "2023-10-10T00:12:04.422Z"
      }
    ],
    "roqUser": [
      {
        "reference": "443d9196-c2de-4b16-be53-6091c5cf04d8",
        "email": "Melody_Stiedemann@roq.tech",
        "firstName": "Jadyn",
        "lastName": "Roberts",
        "active": true,
        "avatarUrl": "https://avatars.githubusercontent.com/u/3595664",
        "tenantId": null
      },
      {
        "reference": "31a57226-e30a-479f-86d4-04862e6e60f5",
        "email": "Tatum41@roq.tech",
        "firstName": "Lulu",
        "lastName": "Monahan",
        "active": true,
        "avatarUrl": "https://avatars.githubusercontent.com/u/71486286",
        "tenantId": null
      },
      {
        "reference": "10daf0bd-0c14-468a-9360-d5e25ba7050f",
        "email": "Karolann.Stiedemann@roq.tech",
        "firstName": "Anastasia",
        "lastName": "Harber-Schroeder",
        "active": true,
        "avatarUrl": "https://cloudflare-ipfs.com/ipfs/Qmd3W5DuhgHirLHGVixi6V76LhCkZUz6pnFt5AJBiyvHye/avatar/586.jpg",
        "tenantId": null
      },
      {
        "reference": "7eb5f593-0f75-4a34-b61a-b7263c454d06",
        "email": "Abby.Schmidt@roq.tech",
        "firstName": "Hortense",
        "lastName": "Rolfson",
        "active": true,
        "avatarUrl": "https://cloudflare-ipfs.com/ipfs/Qmd3W5DuhgHirLHGVixi6V76LhCkZUz6pnFt5AJBiyvHye/avatar/831.jpg",
        "tenantId": null
      },
      {
        "reference": "3dbaaf34-cac8-4810-8bd7-737dadba66ad",
        "email": "Camille_Nicolas29@roq.tech",
        "firstName": "Amy",
        "lastName": "Hodkiewicz",
        "active": true,
        "avatarUrl": "https://cloudflare-ipfs.com/ipfs/Qmd3W5DuhgHirLHGVixi6V76LhCkZUz6pnFt5AJBiyvHye/avatar/562.jpg",
        "tenantId": null
      }
    ]
  },
  {
    "transaction_history": [
      {
        "id": "e7265c6b-42e1-4bf0-b9de-9c23bdd8203a",
        "created_at": "2023-10-09T13:59:51.557Z",
        "updated_at": "2023-10-10T06:42:19.570Z"
      },
      {
        "id": "081f58a1-1d5a-4bfc-85e6-b6118069ab5a",
        "created_at": "2023-10-09T18:13:54.341Z",
        "updated_at": "2023-10-10T06:59:28.989Z"
      },
      {
        "id": "ff1f1e91-ba60-40d6-8936-978926fae12a",
        "created_at": "2023-10-09T19:39:09.292Z",
        "updated_at": "2023-10-09T21:54:18.700Z"
      },
      {
        "id": "9836b8ab-aac0-4cbe-8577-db38143bde4e",
        "created_at": "2023-10-09T23:57:28.089Z",
        "updated_at": "2023-10-09T18:31:21.371Z"
      },
      {
        "id": "44ecdf1a-c40b-47c0-8a8e-8326e6d42def",
        "created_at": "2023-10-09T20:26:19.191Z",
        "updated_at": "2023-10-09T09:48:52.424Z"
      }
    ],
    "product_purchases": [
      {
        "id": "d95a0c83-fc57-46b3-941d-54454bc4d0bd",
        "created_at": "2023-10-09T22:41:56.333Z",
        "updated_at": "2023-10-09T16:57:26.614Z"
      },
      {
        "id": "ec9435dd-5deb-49a7-bc26-5809f25f121a",
        "created_at": "2023-10-09T21:23:51.645Z",
        "updated_at": "2023-10-09T12:26:15.121Z"
      },
      {
        "id": "83038938-b352-4c5d-bc46-a080b16614c5",
        "created_at": "2023-10-10T07:06:37.498Z",
        "updated_at": "2023-10-09T23:26:23.064Z"
      },
      {
        "id": "e4dd00d8-4d19-46cb-ab2c-beae193954c3",
        "created_at": "2023-10-09T20:43:56.465Z",
        "updated_at": "2023-10-10T05:36:41.403Z"
      },
      {
        "id": "c570968a-a8cf-468a-bef0-0b77bbce58a6",
        "created_at": "2023-10-10T05:57:49.208Z",
        "updated_at": "2023-10-10T02:40:01.339Z"
      }
    ],
    "customer_details": [
      {
        "id": "6803987c-7a7f-48f8-bbf2-1f4767aeb88f",
        "created_at": "2023-10-10T06:38:19.058Z",
        "updated_at": "2023-10-09T21:55:34.607Z"
      },
      {
        "id": "decac94e-0dfd-432a-81ac-433bcf4ffd64",
        "created_at": "2023-10-10T08:04:34.970Z",
        "updated_at": "2023-10-09T23:30:18.730Z"
      },
      {
        "id": "7a069ac7-67c1-458e-bfc7-dce6bedeb399",
        "created_at": "2023-10-10T04:20:47.674Z",
        "updated_at": "2023-10-10T07:35:16.181Z"
      },
      {
        "id": "d9f6a8ca-49bf-4d35-b5f7-eb5097906336",
        "created_at": "2023-10-09T17:17:58.825Z",
        "updated_at": "2023-10-09T15:27:55.329Z"
      },
      {
        "id": "c9a576a2-2abc-479a-b850-caa68af15e6c",
        "created_at": "2023-10-10T06:44:16.476Z",
        "updated_at": "2023-10-09T16:38:38.171Z"
      }
    ],
    "roqUser": [
      {
        "reference": "7a9d9341-3381-43ec-90b9-7677308429ad",
        "email": "Bridgette0@roq.tech",
        "firstName": "Salma",
        "lastName": "Deckow",
        "active": true,
        "avatarUrl": "https://cloudflare-ipfs.com/ipfs/Qmd3W5DuhgHirLHGVixi6V76LhCkZUz6pnFt5AJBiyvHye/avatar/154.jpg",
        "tenantId": null
      },
      {
        "reference": "f9179e33-fa18-4ef0-8492-4c0e088554de",
        "email": "Jannie.Schmitt95@roq.tech",
        "firstName": "Colt",
        "lastName": "Weissnat",
        "active": true,
        "avatarUrl": "https://avatars.githubusercontent.com/u/26126991",
        "tenantId": null
      },
      {
        "reference": "da8b8ef2-5f52-462c-ac9e-371cab70d51d",
        "email": "Tony_Ondricka@roq.tech",
        "firstName": "August",
        "lastName": "Bernier",
        "active": true,
        "avatarUrl": "https://cloudflare-ipfs.com/ipfs/Qmd3W5DuhgHirLHGVixi6V76LhCkZUz6pnFt5AJBiyvHye/avatar/323.jpg",
        "tenantId": null
      },
      {
        "reference": "9fedbbf4-3423-4cd5-b82f-e2a5ddbd1a40",
        "email": "Estefania.Ritchie@roq.tech",
        "firstName": "Jasen",
        "lastName": "Quigley",
        "active": true,
        "avatarUrl": "https://cloudflare-ipfs.com/ipfs/Qmd3W5DuhgHirLHGVixi6V76LhCkZUz6pnFt5AJBiyvHye/avatar/266.jpg",
        "tenantId": null
      },
      {
        "reference": "d9e78606-c5e8-417a-8563-505d07c80f03",
        "email": "Holly92@roq.tech",
        "firstName": "Ruthie",
        "lastName": "Jacobson",
        "active": true,
        "avatarUrl": "https://cloudflare-ipfs.com/ipfs/Qmd3W5DuhgHirLHGVixi6V76LhCkZUz6pnFt5AJBiyvHye/avatar/1013.jpg",
        "tenantId": null
      }
    ]
  }
]
